{
    "JTToolbarView_BackgroundColor" : {"Hex" : "#ffffff"},
    
    "JTEditGraphTypeRoundRect_frame" : {"X" : 20, "Y" : 10, "W" : 24, "H" : 24},
    "JTEditGraphTypeRoundRect_hover" : "JTEditGraphTypeRoundRect_hover",
    "JTEditGraphTypeRoundRect_selected" : "JTEditGraphTypeRoundRect_selected",
    "JTEditGraphTypeRoundRect_pressed" : "JTEditGraphTypeRoundRect_selected",
    "JTEditGraphTypeRoundRect_normal" : "JTEditGraphTypeRoundRect_normal",
    "JTEditGraphTypeRoundRect_disabled" : "JTEditGraphTypeRoundRect_normal",
    
    "JTEditGraphTypeOval_frame" : {"X" : 65, "Y" : 10, "W" : 24, "H" : 24},
    "JTEditGraphTypeOval_hover" : "JTEditGraphTypeOval_hover",
    "JTEditGraphTypeOval_selected" : "JTEditGraphTypeOval_selected",
    "JTEditGraphTypeOval_pressed" : "JTEditGraphTypeOval_selected",
    "JTEditGraphTypeOval_normal" : "JTEditGraphTypeOval_normal",
    "JTEditGraphTypeOval_disabled" : "JTEditGraphTypeOval_normal",
    
    "JTEditGraphTypeArrow_frame" : {"X" : 110, "Y" : 10, "W" : 24, "H" : 24},
    "JTEditGraphTypeArrow_hover" : "JTEditGraphTypeArrow_hover",
    "JTEditGraphTypeArrow_selected" : "JTEditGraphTypeArrow_selected",
    "JTEditGraphTypeArrow_pressed" : "JTEditGraphTypeArrow_selected",
    "JTEditGraphTypeArrow_normal" : "JTEditGraphTypeArrow_normal",
    "JTEditGraphTypeArrow_disabled" : "JTEditGraphTypeArrow_normal",
    
    "JTEditGraphTypeCurve_frame" : {"X" : 155, "Y" : 10, "W" : 24, "H" : 24},
    "JTEditGraphTypeCurve_hover" : "JTEditGraphTypeCurve_hover",
    "JTEditGraphTypeCurve_selected" : "JTEditGraphTypeCurve_selected",
    "JTEditGraphTypeCurve_pressed" : "JTEditGraphTypeCurve_selected",
    "JTEditGraphTypeCurve_normal" : "JTEditGraphTypeCurve_normal",
    "JTEditGraphTypeCurve_disabled" : "JTEditGraphTypeCurve_normal",
    
    "JTEditGraphTypeText_frame" : {"X" : 200, "Y" : 10, "W" : 24, "H" : 24},
    "JTEditGraphTypeText_hover" : "JTEditGraphTypeText_hover",
    "JTEditGraphTypeText_selected" : "JTEditGraphTypeText_selected",
    "JTEditGraphTypeText_pressed" : "JTEditGraphTypeText_selected",
    "JTEditGraphTypeText_normal" : "JTEditGraphTypeText_normal",
    "JTEditGraphTypeText_disabled" : "JTEditGraphTypeText_normal",
    
    "JTEditGraphTypeTag_frame" : {"X" : 245, "Y" : 10, "W" : 24, "H" : 24},
    "JTEditGraphTypeTag_hover" : "JTEditGraphTypeTag_hover",
    "JTEditGraphTypeTag_selected" : "JTEditGraphTypeTag_selected",
    "JTEditGraphTypeTag_pressed" : "JTEditGraphTypeTag_selected",
    "JTEditGraphTypeTag_normal" : "JTEditGraphTypeTag_normal",
    "JTEditGraphTypeTag_disabled" : "JTEditGraphTypeTag_normal",
    
    "JTEditGraphTypeMosaicPen_frame" : {"X" : 320, "Y" : 10, "W" : 24, "H" : 24},
    "JTEditGraphTypeMosaicPen_hover" : "JTEditGraphTypeMosaicPen_hover",
    "JTEditGraphTypeMosaicPen_selected" : "JTEditGraphTypeMosaicPen_selected",
    "JTEditGraphTypeMosaicPen_pressed" : "JTEditGraphTypeMosaicPen_selected",
    "JTEditGraphTypeMosaicPen_normal" : "JTEditGraphTypeMosaicPen_normal",
    "JTEditGraphTypeMosaicPen_disabled" : "JTEditGraphTypeMosaicPen_normal",
    
    "JTToolbarFunctionButtonTypeLong_frame" :{"X" : 365, "Y" : 10, "W" : 24, "H" : 24},
    "JTToolbarFunctionButtonTypeLong_hover" : "JTToolbarFunctionButtonTypeLong_hover",
    "JTToolbarFunctionButtonTypeLong_selected" : "JTToolbarFunctionButtonTypeLong_selected",
    "JTToolbarFunctionButtonTypeLong_pressed" : "JTToolbarFunctionButtonTypeLong_selected",
    "JTToolbarFunctionButtonTypeLong_normal" : "JTToolbarFunctionButtonTypeLong_normal",
    "JTToolbarFunctionButtonTypeLong_disabled" : "JTToolbarFunctionButtonTypeLong_normal",
    
    "JTToolbarFunctionButtonTypeOCR_frame" : {"X" : 410, "Y" : 10, "W" : 24, "H" : 24},
    "JTToolbarFunctionButtonTypeOCR_hover" : "JTToolbarFunctionButtonTypeOCR_hover",
    "JTToolbarFunctionButtonTypeOCR_selected" : "JTToolbarFunctionButtonTypeOCR_selected",
    "JTToolbarFunctionButtonTypeOCR_pressed" : "JTToolbarFunctionButtonTypeOCR_selected",
    "JTToolbarFunctionButtonTypeOCR_normal" : "JTToolbarFunctionButtonTypeOCR_normal",
    "JTToolbarFunctionButtonTypeOCR_disabled" : "JTToolbarFunctionButtonTypeOCR_normal",
    
    "JTToolbarFunctionButtonTypeUndo_frame" : {"X" : 481, "Y" : 10, "W" : 24, "H" : 24},
    "JTToolbarFunctionButtonTypeUndo_Short_frame" : {"X" : 365, "Y" : 10, "W" : 24, "H" : 24},
    "JTToolbarFunctionButtonTypeUndo_hover" : "JTToolbarFunctionButtonTypeUndo_hover",
    "JTToolbarFunctionButtonTypeUndo_selected" : "JTToolbarFunctionButtonTypeUndo_selected",
    "JTToolbarFunctionButtonTypeUndo_pressed" : "JTToolbarFunctionButtonTypeUndo_selected",
    "JTToolbarFunctionButtonTypeUndo_normal" : "JTToolbarFunctionButtonTypeUndo_normal",
    "JTToolbarFunctionButtonTypeUndo_disabled" : "JTToolbarFunctionButtonTypeUndo_disabled",
    
    "JTToolbarFunctionButtonTypeSave_frame" : {"X" : 526, "Y" : 10, "W" : 24, "H" : 24},
    "JTToolbarFunctionButtonTypeSave_Short_frame" : {"X" : 410, "Y" : 10, "W" : 24, "H" : 24},
    "JTToolbarFunctionButtonTypeSave_LC_frame" : {"X" : 20, "Y" : 10, "W" : 24, "H" : 24},
    "JTToolbarFunctionButtonTypeSave_hover" : "JTToolbarFunctionButtonTypeSave_hover",
    "JTToolbarFunctionButtonTypeSave_selected" : "JTToolbarFunctionButtonTypeSave_selected",
    "JTToolbarFunctionButtonTypeSave_pressed" : "JTToolbarFunctionButtonTypeSave_selected",
    "JTToolbarFunctionButtonTypeSave_normal" : "JTToolbarFunctionButtonTypeSave_normal",
    "JTToolbarFunctionButtonTypeSave_disabled" : "JTToolbarFunctionButtonTypeSave_normal",
    
    "JTToolbarFunctionButtonTypeCancel_frame" : {"X" : 571, "Y" : 10, "W" : 24, "H" : 24},
    "JTToolbarFunctionButtonTypeCancel_Short_frame" : {"X" : 455, "Y" : 10, "W" : 24, "H" : 24},
    "JTToolbarFunctionButtonTypeCancel_LC_frame" : {"X" : 65, "Y" : 10, "W" : 24, "H" : 24},
    "JTToolbarFunctionButtonTypeCancel_hover" : "JTToolbarFunctionButtonTypeCancel_hover",
    "JTToolbarFunctionButtonTypeCancel_selected" : "JTToolbarFunctionButtonTypeCancel_selected",
    "JTToolbarFunctionButtonTypeCancel_pressed" : "JTToolbarFunctionButtonTypeCancel_selected",
    "JTToolbarFunctionButtonTypeCancel_normal" : "JTToolbarFunctionButtonTypeCancel_normal",
    "JTToolbarFunctionButtonTypeCancel_disabled" : "JTToolbarFunctionButtonTypeCancel_normal",
    
    "JTToolbarFunctionButtonTypeOK_frame" : {"X" : 616, "Y" : 10, "W" : 24, "H" : 24},
    "JTToolbarFunctionButtonTypeOK_Short_frame" : {"X" : 500, "Y" : 10, "W" : 24, "H" : 24},
    "JTToolbarFunctionButtonTypeOK_LC_frame" : {"X" : 110, "Y" : 10, "W" : 24, "H" : 24},
    "JTToolbarFunctionButtonTypeOK_hover" : "JTToolbarFunctionButtonTypeOK_hover",
    "JTToolbarFunctionButtonTypeOK_selected" : "JTToolbarFunctionButtonTypeOK_selected",
    "JTToolbarFunctionButtonTypeOK_pressed" : "JTToolbarFunctionButtonTypeOK_selected",
    "JTToolbarFunctionButtonTypeOK_normal" : "JTToolbarFunctionButtonTypeOK_normal",
    "JTToolbarFunctionButtonTypeOK_disabled" : "JTToolbarFunctionButtonTypeOK_normal",

    "JTToolbarSeperateLine" : "JTToolbarSeperateLine",
    "JTLongAutoStartButton" : "JTLongAutoStartButton",
    "JTLongAutoStopButton" : "JTLongAutoStopButton",
    
    "JTCaptureView_BackgroundColor" : {"Hex" : "#000000", "A" : 0.6},
    "JTCaptureView_SelectRect_BorderColor" : {"Hex" : "#0099ff"},
    "JTCaptureView_SelectRect_BorderWidth" : 1,
    "JTCaptureView_SelectRect_FillColor" : {"Hex" : "#d3d3d3", "A" : 0.1},

    "JTCaptureView_ControlPoint_Size" : {"W" : 8, "H" : 8},
    "JTCaptureView_ControlPoint_FillColor" : {"Hex" : "#ffffff"},
    "JTCaptureView_ControlPoint_StrokeColor" : {"Hex" : "#0099ff"},
    "JTCaptureView_ControlPoint_StrokeWidth" : 1,
    
    "JTCaptureSizeinfoView_Size" : {"W" : 84, "H" : 25},
    "JTCaptureSizeinfoView_BackgroundColor" : {"Hex" : "#333333", "A" : 0.8},
    "JTCaptureSizeinfoView_BorderColor" : {},
    "JTCaptureSizeinfoView_FontColor" : {"Hex" : "#ededed"},
    "JTCaptureSizeinfoView_Font" : {"Name" : "helvetica", "Size" : 12},
    "JTCaptureSizeInfoView_EnableGaussEffect" : false,
    
    "JTMagnifierCrossLineColor" : {"Hex" : "#12b7f5"},
    "JTMagnifierBackgroundColor" : {"Hex" : "#ffffff"},
    "JTMagnifierInfoBackgroundColor" : {"Hex" : "#3c3c3c", "A":0.9},
    "JTMagnifier_FontColor" : {"Hex" : "#d3d3d3"},
    
    "JTPopover_BackgroundColor" : {"Hex" : "#ffffff"},
    "JTPopoverLogo" : "jietu",
    
    "JTToolbarLineWidth3px_normal" : "JTToolbarLineWidth3px_normal",
    "JTToolbarLineWidth3px_selected" : "JTToolbarLineWidth3px_selected",
    "JTToolbarLineWidth6px_normal" : "JTToolbarLineWidth6px_normal",
    "JTToolbarLineWidth6px_selected" : "JTToolbarLineWidth6px_selected",
    "JTToolbarLineWidth9px_normal" : "JTToolbarLineWidth9px_normal",
    "JTToolbarLineWidth9px_selected" : "JTToolbarLineWidth9px_selected",
    
    "JTPopoverLineColorBorderColor" : {"Hex" : "#000000", "A" : 0.2},
    "JTPopoverFontSizeBorderColor" : {"Hex" : "#abadba"},
    "JTPopoverFontSize_FontColor" : {"Hex" : "#999999"},
    
    "JTPopoverMenu_BackgroundColor" : {"Hex" : "#ffffff"},
    "JTPopoverMenu_BorderColor" : {},
    "JTPopoverMenu_HoverColor" : {"Hex" : "#EBEBEB"},
    
    "JTPopoverPullDownArrow" : "JTPopoverPullDownArrow",

    "jtswitch_english" : "jtswitch_english",
    "jtswitch" : "jtswitch",
    "jtswitchFirstFrame_english" : "jtswitchFirstFrame_english",
    "jtswitchFirstFrame" : "jtswitchFirstFrame",


    "logoIntroduce_hover" : "logoIntroduce_hover",
    "logoIntroduce_normal" : "logoIntroduce_normal",

    "move_cursor" : "move_cursor",
    "resize_cursor_0" : "resize_cursor_0",
    "resize_cursor_45" : "resize_cursor_45",
    "resize_cursor_90" : "resize_cursor_90",
    "resize_cursor_135" : "resize_cursor_135",
    "rotate_cursor_225" : "rotate_cursor_225",
    "rotate_cursor_315" : "rotate_cursor_315",
    "sightingTelescopeCursor" : "sightingTelescopeCursor",
    
    "JTPopoverLineWidthViewSize" : {"W" : 88, "H" : 44},
    "JTPopoverLineWidthViewMargin" : {"L" : 20},
    "JTPopoverLineWidthButton1Frame" : {"X" : 0, "Y" : 10, "W" : 24, "H" : 24},
    "JTPopoverLineWidthButton2Frame" : {"X" : 32, "Y" : 10, "W" : 24, "H" : 24},
    "JTPopoverLineWidthButton3Frame" : {"X" : 64, "Y" : 10, "W" : 24, "H" : 24},
    "JTPopoverLineWidthButton1Value" : 3,
    "JTPopoverLineWidthButton2Value" : 6,
    "JTPopoverLineWidthButton3Value" : 9,
    
    "JTPopoverLineColorViewSize" : {"W" : 265.5, "H" : 44},
    "JTPopoverLineColorViewMargin" : {"L" : 41},
    "JTPopoverLineColorViewMarginForFont" : {"L" : 20.5},
    
    "JTPopoverFontSizeViewSize" : {"W" : 91.5, "H" : 44},
    "JTPopoverFontSizeViewMargin" : {"L" : 20},

    "JTPopoverViewSize_WidthColor" : {"W" : 384, "H" : 44},
    "JTPopoverViewSize_Width" : {"W" : 128, "H" : 44},
    "JTPopoverViewSize_FontColor" : {"W" : 368, "H" : 44},
    "JTPopoverViewSize_Logo" : {"W" : 0, "H" : 0},

    "JTPopoverViewArrowSize" : {"W" : 0, "H" : 0},

    "JTSwitchPullDown" : "JTSwitchPullDown",
    "JTSwitchPullUp" : "JTSwitchPullUp",

}
