{
    "move_cursor" : "move_cursor",
    "resize_cursor_0" : "resize_cursor_0",
    "resize_cursor_45" : "resize_cursor_45",
    "resize_cursor_90" : "resize_cursor_90",
    "resize_cursor_135" : "resize_cursor_135",
    "rotate_cursor_225" : "rotate_cursor_225",
    "rotate_cursor_315" : "rotate_cursor_315",
    "sightingTelescopeCursor" : "sightingTelescopeCursor",

    "play_button" : "play_button",
    "pause_button" : "pause_button",
    "JTToolbarFunctionButtonTypeCancel_hover" : "JTToolbarFunctionButtonTypeCancel_normal",
    "JTToolbarFunctionButtonTypeCancel_pressed" : "JTToolbarFunctionButtonTypeCancel_pressed",
    "JTToolbarFunctionButtonTypeCancel_normal" : "JTToolbarFunctionButtonTypeCancel_normal",
    "JTToolbarFunctionButtonTypeOK_hover" : "JTToolbarFunctionButtonTypeOK_normal",
    "JTToolbarFunctionButtonTypeOK_pressed" : "JTToolbarFunctionButtonTypeOK_pressed",
    "JTToolbarFunctionButtonTypeOK_normal" : "JTToolbarFunctionButtonTypeOK_normal",
    "JTToolbarFunctionButtonTypeSave_hover" : "JTToolbarFunctionButtonTypeSave_normal",
    "JTToolbarFunctionButtonTypeSave_pressed" : "JTToolbarFunctionButtonTypeSave_pressed",
    "JTToolbarFunctionButtonTypeSave_normal" : "JTToolbarFunctionButtonTypeSave_normal",
    
    "pullDown" : "pullDown",
    "qualityPopover" : "qualityPopover",


    "jtswitch_english" : "jtswitch_english",
    "jtswitch" : "jtswitch",
    "jtswitchFirstFrame_english" : "jtswitchFirstFrame_english",
    "jtswitchFirstFrame" : "jtswitchFirstFrame",

    "JTStartRecord" : "JTStartRecord",
    "JTEndRecord" : "JTEndRecord",
    
    "lowerHandle" : "lowerHandle",
    "upperHandle" : "upperHandle",
    "selectedHandle" : "selectedHandle",
    "timerPopover" : "timerPopover",

    "JTCaptureView_SelectRect_BorderColor" : {"Hex" : "#0099FF", "A" : 0.8},
    "JTCaptureView_SelectRect_BorderWidth" : 2,
    "JTCaptureView_ControlPoint_StrokeColor" : {"Hex" : "#0099FF"},
    "JTCaptureView_ControlPoint_Size" : {"W" : 10, "H" : 10},
    "JTCaptureView_ControlPoint_StrokeWidth" : 1,
    "JTMagnifierCrossLineColor" : {"Hex" : "#0099FF"},
    
    "JTPlayCurrentTimeLabel_Text_ActiveColor" : {"Hex" : "#FFFFFF"},
    "JTPlayCurrentTimeLabel_Text_NormalColor" : {"Hex" : "#FFFFFF"},
    
    "JTPlayQulity_Text_ActiveColor" : {"Hex" : "#0099FF"},
    "JTPlayQulity_Text_NormalColor" : {"Hex" : "#FFFFFF"},
}
